song_id,track_name,artist,genre,language,mood,popularity,danceability,energy,valence,tempo,poster_url,spotify_url,youtube_url
song_0001,Blinding Lights,The Weeknd,pop,english,happy,49,0.6048,0.8623,0.716,124.93,https://images.unsplash.com/photo-1493225457124-a3eb161ffa5f?w=300&q=80,https://open.spotify.com/search/Blinding%20Lights%20The%20Weeknd,https://music.youtube.com/search?q=Blinding%20Lights%20The%20Weeknd
song_0002,Shape of You,Ed Sheeran,pop,english,romantic,82,0.5262,0.5409,0.7831,125.06,https://images.unsplash.com/photo-1493225457124-a3eb161ffa5f?w=300&q=80,https://open.spotify.com/search/Shape%20of%20You%20Ed%20Sheeran,https://music.youtube.com/search?q=Shape%20of%20You%20Ed%20Sheeran
song_0003,Dance Monkey,Tones and I,pop,english,happy,50,0.4774,0.8692,0.7662,105.62,https://images.unsplash.com/photo-1493225457124-a3eb161ffa5f?w=300&q=80,https://open.spotify.com/search/Dance%20Monkey%20Tones%20and%20I,https://music.youtube.com/search?q=Dance%20Monkey%20Tones%20and%20I
song_0004,Rockstar,Post Malone,hip-hop,english,romantic,57,0.636,0.5795,0.4624,126.6,https://images.unsplash.com/photo-1547355253-ff0740f859a2?w=300&q=80,https://open.spotify.com/search/Rockstar%20Post%20Malone,https://music.youtube.com/search?q=Rockstar%20Post%20Malone
song_0005,God's Plan,Drake,hip-hop,english,romantic,67,0.7903,0.5202,0.3461,123.32,https://images.unsplash.com/photo-1547355253-ff0740f859a2?w=300&q=80,https://open.spotify.com/search/God%27s%20Plan%20Drake,https://music.youtube.com/search?q=God%27s%20Plan%20Drake
song_0006,HUMBLE.,Kendrick Lamar,hip-hop,english,chill,42,0.8527,0.5419,0.4571,134.62,https://images.unsplash.com/photo-1547355253-ff0740f859a2?w=300&q=80,https://open.spotify.com/search/HUMBLE.%20Kendrick%20Lamar,https://music.youtube.com/search?q=HUMBLE.%20Kendrick%20Lamar
song_0007,Old Town Road,Lil Nas X,country,english,sad,97,0.6187,0.4814,0.2825,122.44,https://images.unsplash.com/photo-1500530855697-b586d89ba3ee?w=300&q=80,https://open.spotify.com/search/Old%20Town%20Road%20Lil%20Nas%20X,https://music.youtube.com/search?q=Old%20Town%20Road%20Lil%20Nas%20X
song_0008,Sunflower,Post Malone,pop,english,romantic,66,0.761,0.6297,0.3988,129.21,https://images.unsplash.com/photo-1493225457124-a3eb161ffa5f?w=300&q=80,https://open.spotify.com/search/Sunflower%20Post%20Malone,https://music.youtube.com/search?q=Sunflower%20Post%20Malone
song_0009,Someone You Loved,Lewis Capaldi,pop,english,romantic,55,0.5139,0.6983,0.3672,140.47,https://images.unsplash.com/photo-1493225457124-a3eb161ffa5f?w=300&q=80,https://open.spotify.com/search/Someone%20You%20Loved%20Lewis%20Capaldi,https://music.youtube.com/search?q=Someone%20You%20Loved%20Lewis%20Capaldi
song_0010,Bad Guy,Billie Eilish,pop,english,happy,51,0.7085,0.6322,0.61,122.34,https://images.unsplash.com/photo-1493225457124-a3eb161ffa5f?w=300&q=80,https://open.spotify.com/search/Bad%20Guy%20Billie%20Eilish,https://music.youtube.com/search?q=Bad%20Guy%20Billie%20Eilish
song_0011,Happier,Marshmello,edm,english,party,75,0.9691,0.949,0.7197,159.74,https://images.unsplash.com/photo-1504380804541-2f8c04d8a30e?w=300&q=80,https://open.spotify.com/search/Happier%20Marshmello,https://music.youtube.com/search?q=Happier%20Marshmello
song_0012,Closer,The Chainsmokers,edm,english,romantic,59,0.9519,0.7019,0.348,117.26,https://images.unsplash.com/photo-1504380804541-2f8c04d8a30e?w=300&q=80,https://open.spotify.com/search/Closer%20The%20Chainsmokers,https://music.youtube.com/search?q=Closer%20The%20Chainsmokers
song_0013,Levitating,Dua Lipa,pop,english,happy,56,0.6099,0.6177,0.7644,112.84,https://images.unsplash.com/photo-1493225457124-a3eb161ffa5f?w=300&q=80,https://open.spotify.com/search/Levitating%20Dua%20Lipa,https://music.youtube.com/search?q=Levitating%20Dua%20Lipa
song_0014,Watermelon Sugar,Harry Styles,pop,english,happy,99,0.6654,0.5707,0.7511,98.73,https://images.unsplash.com/photo-1493225457124-a3eb161ffa5f?w=300&q=80,https://open.spotify.com/search/Watermelon%20Sugar%20Harry%20Styles,https://music.youtube.com/search?q=Watermelon%20Sugar%20Harry%20Styles
song_0015,Peaches,Justin Bieber,pop,english,romantic,82,0.748,0.5915,0.3528,135.77,https://images.unsplash.com/photo-1493225457124-a3eb161ffa5f?w=300&q=80,https://open.spotify.com/search/Peaches%20Justin%20Bieber,https://music.youtube.com/search?q=Peaches%20Justin%20Bieber
song_0016,Save Your Tears,The Weeknd,pop,english,romantic,46,0.7324,0.7977,0.387,112.92,https://images.unsplash.com/photo-1493225457124-a3eb161ffa5f?w=300&q=80,https://open.spotify.com/search/Save%20Your%20Tears%20The%20Weeknd,https://music.youtube.com/search?q=Save%20Your%20Tears%20The%20Weeknd
song_0017,Stay,The Kid LAROI,pop,english,romantic,58,0.7807,0.7444,0.5154,98.18,https://images.unsplash.com/photo-1493225457124-a3eb161ffa5f?w=300&q=80,https://open.spotify.com/search/Stay%20The%20Kid%20LAROI,https://music.youtube.com/search?q=Stay%20The%20Kid%20LAROI
song_0018,Montero,Lil Nas X,pop,english,happy,68,0.5871,0.7827,0.6688,139.36,https://images.unsplash.com/photo-1493225457124-a3eb161ffa5f?w=300&q=80,https://open.spotify.com/search/Montero%20Lil%20Nas%20X,https://music.youtube.com/search?q=Montero%20Lil%20Nas%20X
song_0019,Driver's License,Olivia Rodrigo,pop,english,happy,86,0.5131,0.7768,0.7304,123.06,https://images.unsplash.com/photo-1493225457124-a3eb161ffa5f?w=300&q=80,https://open.spotify.com/search/Driver%27s%20License%20Olivia%20Rodrigo,https://music.youtube.com/search?q=Driver%27s%20License%20Olivia%20Rodrigo
song_0020,Good 4 U,Olivia Rodrigo,pop,english,romantic,46,0.6478,0.7082,0.5638,96.27,https://images.unsplash.com/photo-1493225457124-a3eb161ffa5f?w=300&q=80,https://open.spotify.com/search/Good%204%20U%20Olivia%20Rodrigo,https://music.youtube.com/search?q=Good%204%20U%20Olivia%20Rodrigo
song_0021,Industry Baby,Lil Nas X,hip-hop,english,romantic,94,0.5813,0.6991,0.3572,130.43,https://images.unsplash.com/photo-1547355253-ff0740f859a2?w=300&q=80,https://open.spotify.com/search/Industry%20Baby%20Lil%20Nas%20X,https://music.youtube.com/search?q=Industry%20Baby%20Lil%20Nas%20X
song_0022,Heat Waves,Glass Animals,indie,english,romantic,44,0.4597,0.5677,0.5778,91.44,https://images.unsplash.com/photo-1465847899084-d164df4dedc6?w=300&q=80,https://open.spotify.com/search/Heat%20Waves%20Glass%20Animals,https://music.youtube.com/search?q=Heat%20Waves%20Glass%20Animals
song_0023,Cold Heart,Elton John,pop,english,happy,78,0.5743,0.578,0.8148,135.41,https://images.unsplash.com/photo-1493225457124-a3eb161ffa5f?w=300&q=80,https://open.spotify.com/search/Cold%20Heart%20Elton%20John,https://music.youtube.com/search?q=Cold%20Heart%20Elton%20John
song_0024,Permission to Dance,BTS,k-pop,korean,romantic,72,0.8537,0.8593,0.4433,144.63,https://images.unsplash.com/photo-1615886753866-979d8f2d9b90?w=300&q=80,https://open.spotify.com/search/Permission%20to%20Dance%20BTS,https://music.youtube.com/search?q=Permission%20to%20Dance%20BTS
song_0025,Butter,BTS,k-pop,korean,romantic,53,0.8307,0.8926,0.509,105.5,https://images.unsplash.com/photo-1615886753866-979d8f2d9b90?w=300&q=80,https://open.spotify.com/search/Butter%20BTS,https://music.youtube.com/search?q=Butter%20BTS
song_0026,Dynamite,BTS,k-pop,korean,happy,70,0.6938,0.8645,0.7804,100.35,https://images.unsplash.com/photo-1615886753866-979d8f2d9b90?w=300&q=80,https://open.spotify.com/search/Dynamite%20BTS,https://music.youtube.com/search?q=Dynamite%20BTS
song_0027,Savage Love,Jawsh 685,pop,english,romantic,96,0.6203,0.6,0.4099,111.88,https://images.unsplash.com/photo-1493225457124-a3eb161ffa5f?w=300&q=80,https://open.spotify.com/search/Savage%20Love%20Jawsh%20685,https://music.youtube.com/search?q=Savage%20Love%20Jawsh%20685
song_0028,Mood,24kGoldn,pop,english,happy,98,0.5864,0.7068,0.7015,113.18,https://images.unsplash.com/photo-1493225457124-a3eb161ffa5f?w=300&q=80,https://open.spotify.com/search/Mood%2024kGoldn,https://music.youtube.com/search?q=Mood%2024kGoldn
song_0029,Lemon Tree,Fools Garden,pop,english,romantic,57,0.8165,0.6106,0.5986,110.04,https://images.unsplash.com/photo-1493225457124-a3eb161ffa5f?w=300&q=80,https://open.spotify.com/search/Lemon%20Tree%20Fools%20Garden,https://music.youtube.com/search?q=Lemon%20Tree%20Fools%20Garden
song_0030,Astronaut in the Ocean,Masked Wolf,hip-hop,english,romantic,56,0.5833,0.6894,0.4513,107.57,https://images.unsplash.com/photo-1547355253-ff0740f859a2?w=300&q=80,https://open.spotify.com/search/Astronaut%20in%20the%20Ocean%20Masked%20Wolf,https://music.youtube.com/search?q=Astronaut%20in%20the%20Ocean%20Masked%20Wolf
song_0031,Beggin,Maneskin,rock,english,romantic,99,0.697,0.7062,0.2224,134.47,https://images.unsplash.com/photo-1498038432885-c6f3f1b912ee?w=300&q=80,https://open.spotify.com/search/Beggin%20Maneskin,https://music.youtube.com/search?q=Beggin%20Maneskin
song_0032,Believer,Imagine Dragons,rock,english,romantic,83,0.4571,0.862,0.5308,121.88,https://images.unsplash.com/photo-1498038432885-c6f3f1b912ee?w=300&q=80,https://open.spotify.com/search/Believer%20Imagine%20Dragons,https://music.youtube.com/search?q=Believer%20Imagine%20Dragons
song_0033,Thunder,Imagine Dragons,rock,english,romantic,45,0.5024,0.8476,0.4668,136.79,https://images.unsplash.com/photo-1498038432885-c6f3f1b912ee?w=300&q=80,https://open.spotify.com/search/Thunder%20Imagine%20Dragons,https://music.youtube.com/search?q=Thunder%20Imagine%20Dragons
song_0034,Enemy,Imagine Dragons,rock,english,romantic,75,0.6707,0.7355,0.2433,112.04,https://images.unsplash.com/photo-1498038432885-c6f3f1b912ee?w=300&q=80,https://open.spotify.com/search/Enemy%20Imagine%20Dragons,https://music.youtube.com/search?q=Enemy%20Imagine%20Dragons
song_0035,Bones,Imagine Dragons,rock,english,romantic,78,0.6139,0.626,0.406,121.32,https://images.unsplash.com/photo-1498038432885-c6f3f1b912ee?w=300&q=80,https://open.spotify.com/search/Bones%20Imagine%20Dragons,https://music.youtube.com/search?q=Bones%20Imagine%20Dragons
song_0036,Radioactive,Imagine Dragons,rock,english,romantic,48,0.4328,0.8687,0.3434,156.84,https://images.unsplash.com/photo-1498038432885-c6f3f1b912ee?w=300&q=80,https://open.spotify.com/search/Radioactive%20Imagine%20Dragons,https://music.youtube.com/search?q=Radioactive%20Imagine%20Dragons
song_0037,Natural,Imagine Dragons,rock,english,happy,55,0.4928,0.6609,0.6123,153.87,https://images.unsplash.com/photo-1498038432885-c6f3f1b912ee?w=300&q=80,https://open.spotify.com/search/Natural%20Imagine%20Dragons,https://music.youtube.com/search?q=Natural%20Imagine%20Dragons
song_0038,Demons,Imagine Dragons,rock,english,romantic,54,0.6076,0.9142,0.4276,136.48,https://images.unsplash.com/photo-1498038432885-c6f3f1b912ee?w=300&q=80,https://open.spotify.com/search/Demons%20Imagine%20Dragons,https://music.youtube.com/search?q=Demons%20Imagine%20Dragons
song_0039,Warriors,Imagine Dragons,rock,english,happy,60,0.4035,0.943,0.6002,141.66,https://images.unsplash.com/photo-1498038432885-c6f3f1b912ee?w=300&q=80,https://open.spotify.com/search/Warriors%20Imagine%20Dragons,https://music.youtube.com/search?q=Warriors%20Imagine%20Dragons
song_0040,Centuries,Fall Out Boy,rock,english,romantic,86,0.4957,0.8813,0.5986,154.35,https://images.unsplash.com/photo-1498038432885-c6f3f1b912ee?w=300&q=80,https://open.spotify.com/search/Centuries%20Fall%20Out%20Boy,https://music.youtube.com/search?q=Centuries%20Fall%20Out%20Boy
song_0041,Immortals,Fall Out Boy,rock,english,romantic,76,0.6011,0.6503,0.2308,154.93,https://images.unsplash.com/photo-1498038432885-c6f3f1b912ee?w=300&q=80,https://open.spotify.com/search/Immortals%20Fall%20Out%20Boy,https://music.youtube.com/search?q=Immortals%20Fall%20Out%20Boy
song_0042,Sugar,Maroon 5,pop,english,happy,49,0.4733,0.5565,0.6818,95.25,https://images.unsplash.com/photo-1493225457124-a3eb161ffa5f?w=300&q=80,https://open.spotify.com/search/Sugar%20Maroon%205,https://music.youtube.com/search?q=Sugar%20Maroon%205
song_0043,Girls Like You,Maroon 5,pop,english,happy,82,0.6675,0.7691,0.676,106.21,https://images.unsplash.com/photo-1493225457124-a3eb161ffa5f?w=300&q=80,https://open.spotify.com/search/Girls%20Like%20You%20Maroon%205,https://music.youtube.com/search?q=Girls%20Like%20You%20Maroon%205
song_0044,Animals,Maroon 5,pop,english,happy,90,0.5554,0.6371,0.7232,127.48,https://images.unsplash.com/photo-1493225457124-a3eb161ffa5f?w=300&q=80,https://open.spotify.com/search/Animals%20Maroon%205,https://music.youtube.com/search?q=Animals%20Maroon%205
song_0045,Memories,Maroon 5,pop,english,romantic,55,0.7067,0.7246,0.3968,113.39,https://images.unsplash.com/photo-1493225457124-a3eb161ffa5f?w=300&q=80,https://open.spotify.com/search/Memories%20Maroon%205,https://music.youtube.com/search?q=Memories%20Maroon%205
song_0046,Maps,Maroon 5,pop,english,romantic,77,0.5578,0.8703,0.5465,139.6,https://images.unsplash.com/photo-1493225457124-a3eb161ffa5f?w=300&q=80,https://open.spotify.com/search/Maps%20Maroon%205,https://music.youtube.com/search?q=Maps%20Maroon%205
song_0047,Uptown Funk,Bruno Mars,funk,english,happy,51,0.8561,0.7209,0.6185,124.63,https://images.unsplash.com/photo-1493225457124-a3eb161ffa5f?w=300&q=80,https://open.spotify.com/search/Uptown%20Funk%20Bruno%20Mars,https://music.youtube.com/search?q=Uptown%20Funk%20Bruno%20Mars
song_0048,24K Magic,Bruno Mars,pop,english,romantic,50,0.7301,0.6211,0.3622,127.27,https://images.unsplash.com/photo-1493225457124-a3eb161ffa5f?w=300&q=80,https://open.spotify.com/search/24K%20Magic%20Bruno%20Mars,https://music.youtube.com/search?q=24K%20Magic%20Bruno%20Mars
song_0049,That's What I Like,Bruno Mars,pop,english,party,40,0.8086,0.8634,0.8074,113.51,https://images.unsplash.com/photo-1493225457124-a3eb161ffa5f?w=300&q=80,https://open.spotify.com/search/That%27s%20What%20I%20Like%20Bruno%20Mars,https://music.youtube.com/search?q=That%27s%20What%20I%20Like%20Bruno%20Mars
song_0050,Treasure,Bruno Mars,pop,english,party,91,0.8042,0.6741,0.8333,143.18,https://images.unsplash.com/photo-1493225457124-a3eb161ffa5f?w=300&q=80,https://open.spotify.com/search/Treasure%20Bruno%20Mars,https://music.youtube.com/search?q=Treasure%20Bruno%20Mars
song_0051,Locked Out of Heaven,Bruno Mars,pop,english,happy,50,0.576,0.6586,0.7756,110.85,https://images.unsplash.com/photo-1493225457124-a3eb161ffa5f?w=300&q=80,https://open.spotify.com/search/Locked%20Out%20of%20Heaven%20Bruno%20Mars,https://music.youtube.com/search?q=Locked%20Out%20of%20Heaven%20Bruno%20Mars
song_0052,Grenade,Bruno Mars,pop,english,happy,45,0.6704,0.857,0.698,123.5,https://images.unsplash.com/photo-1493225457124-a3eb161ffa5f?w=300&q=80,https://open.spotify.com/search/Grenade%20Bruno%20Mars,https://music.youtube.com/search?q=Grenade%20Bruno%20Mars
song_0053,Just the Way You Are,Bruno Mars,pop,english,romantic,92,0.6914,0.8764,0.42,120.92,https://images.unsplash.com/photo-1493225457124-a3eb161ffa5f?w=300&q=80,https://open.spotify.com/search/Just%20the%20Way%20You%20Are%20Bruno%20Mars,https://music.youtube.com/search?q=Just%20the%20Way%20You%20Are%20Bruno%20Mars
song_0054,When I Was Your Man,Bruno Mars,pop,english,party,57,0.7367,0.7709,0.7012,112.97,https://images.unsplash.com/photo-1493225457124-a3eb161ffa5f?w=300&q=80,https://open.spotify.com/search/When%20I%20Was%20Your%20Man%20Bruno%20Mars,https://music.youtube.com/search?q=When%20I%20Was%20Your%20Man%20Bruno%20Mars
song_0055,Bohemian Rhapsody,Queen,rock,english,romantic,70,0.6614,0.9116,0.5835,155.66,https://images.unsplash.com/photo-1498038432885-c6f3f1b912ee?w=300&q=80,https://open.spotify.com/search/Bohemian%20Rhapsody%20Queen,https://music.youtube.com/search?q=Bohemian%20Rhapsody%20Queen
song_0056,We Will Rock You,Queen,rock,english,romantic,87,0.5505,0.9074,0.475,145.1,https://images.unsplash.com/photo-1498038432885-c6f3f1b912ee?w=300&q=80,https://open.spotify.com/search/We%20Will%20Rock%20You%20Queen,https://music.youtube.com/search?q=We%20Will%20Rock%20You%20Queen
song_0057,Don't Stop Me Now,Queen,rock,english,romantic,74,0.6904,0.7417,0.3378,114.7,https://images.unsplash.com/photo-1498038432885-c6f3f1b912ee?w=300&q=80,https://open.spotify.com/search/Don%27t%20Stop%20Me%20Now%20Queen,https://music.youtube.com/search?q=Don%27t%20Stop%20Me%20Now%20Queen
song_0058,Under Pressure,Queen,rock,english,romantic,75,0.3829,0.7876,0.4213,124.33,https://images.unsplash.com/photo-1498038432885-c6f3f1b912ee?w=300&q=80,https://open.spotify.com/search/Under%20Pressure%20Queen,https://music.youtube.com/search?q=Under%20Pressure%20Queen
song_0059,Somebody to Love,Queen,rock,english,romantic,47,0.381,0.6334,0.5613,128.01,https://images.unsplash.com/photo-1498038432885-c6f3f1b912ee?w=300&q=80,https://open.spotify.com/search/Somebody%20to%20Love%20Queen,https://music.youtube.com/search?q=Somebody%20to%20Love%20Queen
song_0060,We Are the Champions,Queen,rock,english,romantic,45,0.558,0.8972,0.2579,141.14,https://images.unsplash.com/photo-1498038432885-c6f3f1b912ee?w=300&q=80,https://open.spotify.com/search/We%20Are%20the%20Champions%20Queen,https://music.youtube.com/search?q=We%20Are%20the%20Champions%20Queen
song_0061,Hotel California,Eagles,rock,english,romantic,83,0.3886,0.8113,0.4203,141.87,https://images.unsplash.com/photo-1498038432885-c6f3f1b912ee?w=300&q=80,https://open.spotify.com/search/Hotel%20California%20Eagles,https://music.youtube.com/search?q=Hotel%20California%20Eagles
song_0062,Sweet Home Alabama,Lynyrd Skynyrd,rock,english,romantic,56,0.7213,0.8059,0.3115,149.76,https://images.unsplash.com/photo-1498038432885-c6f3f1b912ee?w=300&q=80,https://open.spotify.com/search/Sweet%20Home%20Alabama%20Lynyrd%20Skynyrd,https://music.youtube.com/search?q=Sweet%20Home%20Alabama%20Lynyrd%20Skynyrd
song_0063,Enter Sandman,Metallica,metal,english,romantic,90,0.428,0.7482,0.0627,173.13,https://images.unsplash.com/photo-1519892300165-cb5542fb47c7?w=300&q=80,https://open.spotify.com/search/Enter%20Sandman%20Metallica,https://music.youtube.com/search?q=Enter%20Sandman%20Metallica
song_0064,Nothing Else Matters,Metallica,metal,english,romantic,55,0.5206,0.8672,0.1366,132.82,https://images.unsplash.com/photo-1519892300165-cb5542fb47c7?w=300&q=80,https://open.spotify.com/search/Nothing%20Else%20Matters%20Metallica,https://music.youtube.com/search?q=Nothing%20Else%20Matters%20Metallica
song_0065,Smells Like Teen Spirit,Nirvana,rock,english,romantic,97,0.5677,0.8773,0.4801,124.0,https://images.unsplash.com/photo-1498038432885-c6f3f1b912ee?w=300&q=80,https://open.spotify.com/search/Smells%20Like%20Teen%20Spirit%20Nirvana,https://music.youtube.com/search?q=Smells%20Like%20Teen%20Spirit%20Nirvana
song_0066,Come as You Are,Nirvana,rock,english,romantic,54,0.6356,0.8196,0.4559,130.98,https://images.unsplash.com/photo-1498038432885-c6f3f1b912ee?w=300&q=80,https://open.spotify.com/search/Come%20as%20You%20Are%20Nirvana,https://music.youtube.com/search?q=Come%20as%20You%20Are%20Nirvana
song_0067,Wonderwall,Oasis,rock,english,romantic,42,0.4982,0.8928,0.1572,115.8,https://images.unsplash.com/photo-1498038432885-c6f3f1b912ee?w=300&q=80,https://open.spotify.com/search/Wonderwall%20Oasis,https://music.youtube.com/search?q=Wonderwall%20Oasis
song_0068,Champagne Supernova,Oasis,rock,english,romantic,45,0.3847,0.928,0.5018,133.71,https://images.unsplash.com/photo-1498038432885-c6f3f1b912ee?w=300&q=80,https://open.spotify.com/search/Champagne%20Supernova%20Oasis,https://music.youtube.com/search?q=Champagne%20Supernova%20Oasis
song_0069,Africa,Toto,pop,english,romantic,63,0.647,0.6904,0.4366,116.69,https://images.unsplash.com/photo-1493225457124-a3eb161ffa5f?w=300&q=80,https://open.spotify.com/search/Africa%20Toto,https://music.youtube.com/search?q=Africa%20Toto
song_0070,Take on Me,a-ha,pop,english,romantic,77,0.6917,0.7486,0.3727,113.73,https://images.unsplash.com/photo-1493225457124-a3eb161ffa5f?w=300&q=80,https://open.spotify.com/search/Take%20on%20Me%20a-ha,https://music.youtube.com/search?q=Take%20on%20Me%20a-ha
song_0071,Never Gonna Give You Up,Rick Astley,pop,english,happy,44,0.6511,0.8283,0.6793,103.15,https://images.unsplash.com/photo-1493225457124-a3eb161ffa5f?w=300&q=80,https://open.spotify.com/search/Never%20Gonna%20Give%20You%20Up%20Rick%20Astley,https://music.youtube.com/search?q=Never%20Gonna%20Give%20You%20Up%20Rick%20Astley
song_0072,Don't You Want Me,Human League,pop,english,chill,74,0.7013,0.5295,0.6429,142.01,https://images.unsplash.com/photo-1493225457124-a3eb161ffa5f?w=300&q=80,https://open.spotify.com/search/Don%27t%20You%20Want%20Me%20Human%20League,https://music.youtube.com/search?q=Don%27t%20You%20Want%20Me%20Human%20League
song_0073,Sweet Dreams,Eurythmics,pop,english,romantic,96,0.6097,0.7516,0.5791,122.28,https://images.unsplash.com/photo-1493225457124-a3eb161ffa5f?w=300&q=80,https://open.spotify.com/search/Sweet%20Dreams%20Eurythmics,https://music.youtube.com/search?q=Sweet%20Dreams%20Eurythmics
song_0074,Girls Just Want to Have Fun,Cyndi Lauper,pop,english,happy,44,0.609,0.866,0.8027,104.79,https://images.unsplash.com/photo-1493225457124-a3eb161ffa5f?w=300&q=80,https://open.spotify.com/search/Girls%20Just%20Want%20to%20Have%20Fun%20Cyndi%20Lauper,https://music.youtube.com/search?q=Girls%20Just%20Want%20to%20Have%20Fun%20Cyndi%20Lauper
song_0075,Wake Me Up,Avicii,edm,english,romantic,44,0.6563,0.6766,0.2972,149.15,https://images.unsplash.com/photo-1504380804541-2f8c04d8a30e?w=300&q=80,https://open.spotify.com/search/Wake%20Me%20Up%20Avicii,https://music.youtube.com/search?q=Wake%20Me%20Up%20Avicii
song_0076,Levels,Avicii,edm,english,romantic,56,0.7348,0.9742,0.2616,155.72,https://images.unsplash.com/photo-1504380804541-2f8c04d8a30e?w=300&q=80,https://open.spotify.com/search/Levels%20Avicii,https://music.youtube.com/search?q=Levels%20Avicii
song_0077,Lean On,Major Lazer,edm,english,romantic,84,0.6625,0.9208,0.5645,158.87,https://images.unsplash.com/photo-1504380804541-2f8c04d8a30e?w=300&q=80,https://open.spotify.com/search/Lean%20On%20Major%20Lazer,https://music.youtube.com/search?q=Lean%20On%20Major%20Lazer
song_0078,Titanium,David Guetta,edm,english,romantic,88,0.9093,0.7715,0.3387,152.53,https://images.unsplash.com/photo-1504380804541-2f8c04d8a30e?w=300&q=80,https://open.spotify.com/search/Titanium%20David%20Guetta,https://music.youtube.com/search?q=Titanium%20David%20Guetta
song_0079,Animals,Martin Garrix,edm,english,romantic,60,0.9766,0.8185,0.436,153.82,https://images.unsplash.com/photo-1504380804541-2f8c04d8a30e?w=300&q=80,https://open.spotify.com/search/Animals%20Martin%20Garrix,https://music.youtube.com/search?q=Animals%20Martin%20Garrix
song_0080,One More Time,Daft Punk,edm,english,romantic,85,0.9551,0.979,0.4645,152.54,https://images.unsplash.com/photo-1504380804541-2f8c04d8a30e?w=300&q=80,https://open.spotify.com/search/One%20More%20Time%20Daft%20Punk,https://music.youtube.com/search?q=One%20More%20Time%20Daft%20Punk
song_0081,Get Lucky,Daft Punk,pop,english,happy,59,0.5071,0.8449,0.6026,136.32,https://images.unsplash.com/photo-1493225457124-a3eb161ffa5f?w=300&q=80,https://open.spotify.com/search/Get%20Lucky%20Daft%20Punk,https://music.youtube.com/search?q=Get%20Lucky%20Daft%20Punk
song_0082,Around the World,Daft Punk,edm,english,romantic,45,0.9424,0.8101,0.2554,160.27,https://images.unsplash.com/photo-1504380804541-2f8c04d8a30e?w=300&q=80,https://open.spotify.com/search/Around%20the%20World%20Daft%20Punk,https://music.youtube.com/search?q=Around%20the%20World%20Daft%20Punk
song_0083,Thinking Out Loud,Ed Sheeran,pop,english,happy,77,0.585,0.862,0.8253,123.67,https://images.unsplash.com/photo-1493225457124-a3eb161ffa5f?w=300&q=80,https://open.spotify.com/search/Thinking%20Out%20Loud%20Ed%20Sheeran,https://music.youtube.com/search?q=Thinking%20Out%20Loud%20Ed%20Sheeran
song_0084,Perfect,Ed Sheeran,pop,english,romantic,85,0.6314,0.6256,0.5143,128.63,https://images.unsplash.com/photo-1493225457124-a3eb161ffa5f?w=300&q=80,https://open.spotify.com/search/Perfect%20Ed%20Sheeran,https://music.youtube.com/search?q=Perfect%20Ed%20Sheeran
song_0085,Photograph,Ed Sheeran,pop,english,romantic,43,0.755,0.8043,0.3956,119.72,https://images.unsplash.com/photo-1493225457124-a3eb161ffa5f?w=300&q=80,https://open.spotify.com/search/Photograph%20Ed%20Sheeran,https://music.youtube.com/search?q=Photograph%20Ed%20Sheeran
song_0086,Castle on the Hill,Ed Sheeran,pop,english,happy,47,0.6678,0.679,0.7939,112.55,https://images.unsplash.com/photo-1493225457124-a3eb161ffa5f?w=300&q=80,https://open.spotify.com/search/Castle%20on%20the%20Hill%20Ed%20Sheeran,https://music.youtube.com/search?q=Castle%20on%20the%20Hill%20Ed%20Sheeran
song_0087,Galway Girl,Ed Sheeran,pop,english,happy,45,0.5215,0.7941,0.6591,100.06,https://images.unsplash.com/photo-1493225457124-a3eb161ffa5f?w=300&q=80,https://open.spotify.com/search/Galway%20Girl%20Ed%20Sheeran,https://music.youtube.com/search?q=Galway%20Girl%20Ed%20Sheeran
song_0088,Bad Habits,Ed Sheeran,pop,english,romantic,44,0.7223,0.5462,0.7609,130.31,https://images.unsplash.com/photo-1493225457124-a3eb161ffa5f?w=300&q=80,https://open.spotify.com/search/Bad%20Habits%20Ed%20Sheeran,https://music.youtube.com/search?q=Bad%20Habits%20Ed%20Sheeran
song_0089,Shivers,Ed Sheeran,pop,english,romantic,88,0.5005,0.8752,0.5371,113.53,https://images.unsplash.com/photo-1493225457124-a3eb161ffa5f?w=300&q=80,https://open.spotify.com/search/Shivers%20Ed%20Sheeran,https://music.youtube.com/search?q=Shivers%20Ed%20Sheeran
song_0090,Overpass Graffiti,Ed Sheeran,pop,english,party,45,0.811,0.875,0.7267,113.81,https://images.unsplash.com/photo-1493225457124-a3eb161ffa5f?w=300&q=80,https://open.spotify.com/search/Overpass%20Graffiti%20Ed%20Sheeran,https://music.youtube.com/search?q=Overpass%20Graffiti%20Ed%20Sheeran
song_0091,Hello,Adele,pop,english,romantic,46,0.7498,0.721,0.5621,140.32,https://images.unsplash.com/photo-1493225457124-a3eb161ffa5f?w=300&q=80,https://open.spotify.com/search/Hello%20Adele,https://music.youtube.com/search?q=Hello%20Adele
song_0092,Rolling in the Deep,Adele,pop,english,chill,47,0.6473,0.5241,0.5843,97.82,https://images.unsplash.com/photo-1493225457124-a3eb161ffa5f?w=300&q=80,https://open.spotify.com/search/Rolling%20in%20the%20Deep%20Adele,https://music.youtube.com/search?q=Rolling%20in%20the%20Deep%20Adele
song_0093,Someone Like You,Adele,pop,english,happy,97,0.5123,0.7537,0.723,124.17,https://images.unsplash.com/photo-1493225457124-a3eb161ffa5f?w=300&q=80,https://open.spotify.com/search/Someone%20Like%20You%20Adele,https://music.youtube.com/search?q=Someone%20Like%20You%20Adele
song_0094,Skyfall,Adele,pop,english,happy,97,0.605,0.6229,0.7843,106.18,https://images.unsplash.com/photo-1493225457124-a3eb161ffa5f?w=300&q=80,https://open.spotify.com/search/Skyfall%20Adele,https://music.youtube.com/search?q=Skyfall%20Adele
song_0095,Set Fire to the Rain,Adele,pop,english,romantic,71,0.4744,0.8692,0.3716,139.56,https://images.unsplash.com/photo-1493225457124-a3eb161ffa5f?w=300&q=80,https://open.spotify.com/search/Set%20Fire%20to%20the%20Rain%20Adele,https://music.youtube.com/search?q=Set%20Fire%20to%20the%20Rain%20Adele
song_0096,Easy On Me,Adele,pop,english,chill,71,0.8275,0.5466,0.6269,143.47,https://images.unsplash.com/photo-1493225457124-a3eb161ffa5f?w=300&q=80,https://open.spotify.com/search/Easy%20On%20Me%20Adele,https://music.youtube.com/search?q=Easy%20On%20Me%20Adele
song_0097,Lose Yourself,Eminem,hip-hop,english,romantic,75,0.7966,0.7205,0.4273,136.38,https://images.unsplash.com/photo-1547355253-ff0740f859a2?w=300&q=80,https://open.spotify.com/search/Lose%20Yourself%20Eminem,https://music.youtube.com/search?q=Lose%20Yourself%20Eminem
song_0098,Rap God,Eminem,hip-hop,english,sad,93,0.8944,0.4864,0.3405,152.52,https://images.unsplash.com/photo-1547355253-ff0740f859a2?w=300&q=80,https://open.spotify.com/search/Rap%20God%20Eminem,https://music.youtube.com/search?q=Rap%20God%20Eminem
song_0099,Not Afraid,Eminem,hip-hop,english,romantic,67,0.734,0.6932,0.3387,114.41,https://images.unsplash.com/photo-1547355253-ff0740f859a2?w=300&q=80,https://open.spotify.com/search/Not%20Afraid%20Eminem,https://music.youtube.com/search?q=Not%20Afraid%20Eminem
song_0100,The Real Slim Shady,Eminem,hip-hop,english,romantic,99,0.6972,0.6801,0.2389,153.72,https://images.unsplash.com/photo-1547355253-ff0740f859a2?w=300&q=80,https://open.spotify.com/search/The%20Real%20Slim%20Shady%20Eminem,https://music.youtube.com/search?q=The%20Real%20Slim%20Shady%20Eminem
song_0101,Without Me,Eminem,hip-hop,english,romantic,81,0.8213,0.663,0.3548,145.69,https://images.unsplash.com/photo-1547355253-ff0740f859a2?w=300&q=80,https://open.spotify.com/search/Without%20Me%20Eminem,https://music.youtube.com/search?q=Without%20Me%20Eminem
song_0102,Sicko Mode,Travis Scott,hip-hop,english,happy,83,0.6285,0.7979,0.6113,152.49,https://images.unsplash.com/photo-1547355253-ff0740f859a2?w=300&q=80,https://open.spotify.com/search/Sicko%20Mode%20Travis%20Scott,https://music.youtube.com/search?q=Sicko%20Mode%20Travis%20Scott
song_0103,Antidote,Travis Scott,hip-hop,english,happy,42,0.7908,0.6206,0.6664,148.3,https://images.unsplash.com/photo-1547355253-ff0740f859a2?w=300&q=80,https://open.spotify.com/search/Antidote%20Travis%20Scott,https://music.youtube.com/search?q=Antidote%20Travis%20Scott
song_0104,Goosebumps,Travis Scott,hip-hop,english,happy,49,0.5795,0.6055,0.6053,154.36,https://images.unsplash.com/photo-1547355253-ff0740f859a2?w=300&q=80,https://open.spotify.com/search/Goosebumps%20Travis%20Scott,https://music.youtube.com/search?q=Goosebumps%20Travis%20Scott
song_0105,Money in the Grave,Drake,hip-hop,english,happy,90,0.7839,0.6071,0.685,147.11,https://images.unsplash.com/photo-1547355253-ff0740f859a2?w=300&q=80,https://open.spotify.com/search/Money%20in%20the%20Grave%20Drake,https://music.youtube.com/search?q=Money%20in%20the%20Grave%20Drake
song_0106,Hotline Bling,Drake,hip-hop,english,romantic,91,0.7387,0.6193,0.3367,107.82,https://images.unsplash.com/photo-1547355253-ff0740f859a2?w=300&q=80,https://open.spotify.com/search/Hotline%20Bling%20Drake,https://music.youtube.com/search?q=Hotline%20Bling%20Drake
song_0107,Started From the Bottom,Drake,hip-hop,english,party,86,0.8626,0.8299,0.6983,132.77,https://images.unsplash.com/photo-1547355253-ff0740f859a2?w=300&q=80,https://open.spotify.com/search/Started%20From%20the%20Bottom%20Drake,https://music.youtube.com/search?q=Started%20From%20the%20Bottom%20Drake
song_0108,In My Feelings,Drake,hip-hop,english,romantic,47,0.9101,0.7759,0.3237,127.53,https://images.unsplash.com/photo-1547355253-ff0740f859a2?w=300&q=80,https://open.spotify.com/search/In%20My%20Feelings%20Drake,https://music.youtube.com/search?q=In%20My%20Feelings%20Drake
song_0109,Nonstop,Drake,hip-hop,english,romantic,77,0.9135,0.6882,0.3143,138.59,https://images.unsplash.com/photo-1547355253-ff0740f859a2?w=300&q=80,https://open.spotify.com/search/Nonstop%20Drake,https://music.youtube.com/search?q=Nonstop%20Drake
song_0111,Highest in the Room,Travis Scott,hip-hop,english,chill,86,0.6989,0.5109,0.5358,131.02,https://images.unsplash.com/photo-1547355253-ff0740f859a2?w=300&q=80,https://open.spotify.com/search/Highest%20in%20the%20Room%20Travis%20Scott,https://music.youtube.com/search?q=Highest%20in%20the%20Room%20Travis%20Scott
song_0112,Kesariya,Arijit Singh,bollywood,hindi,romantic,92,0.6073,0.7768,0.576,113.05,https://images.unsplash.com/photo-1514533450685-4493e01d1fdc?w=300&q=80,https://open.spotify.com/search/Kesariya%20Arijit%20Singh,https://music.youtube.com/search?q=Kesariya%20Arijit%20Singh
song_0113,Tum Hi Ho,Arijit Singh,bollywood,hindi,romantic,77,0.5653,0.5182,0.3144,122.76,https://images.unsplash.com/photo-1514533450685-4493e01d1fdc?w=300&q=80,https://open.spotify.com/search/Tum%20Hi%20Ho%20Arijit%20Singh,https://music.youtube.com/search?q=Tum%20Hi%20Ho%20Arijit%20Singh
song_0114,Channa Mereya,Arijit Singh,bollywood,hindi,chill,61,0.6735,0.5467,0.3682,85.73,https://images.unsplash.com/photo-1514533450685-4493e01d1fdc?w=300&q=80,https://open.spotify.com/search/Channa%20Mereya%20Arijit%20Singh,https://music.youtube.com/search?q=Channa%20Mereya%20Arijit%20Singh
song_0115,Raabta,Arijit Singh,bollywood,hindi,romantic,60,0.6324,0.6112,0.5187,130.21,https://images.unsplash.com/photo-1514533450685-4493e01d1fdc?w=300&q=80,https://open.spotify.com/search/Raabta%20Arijit%20Singh,https://music.youtube.com/search?q=Raabta%20Arijit%20Singh
song_0116,Ae Dil Hai Mushkil,Arijit Singh,bollywood,hindi,romantic,91,0.605,0.7521,0.4983,116.1,https://images.unsplash.com/photo-1514533450685-4493e01d1fdc?w=300&q=80,https://open.spotify.com/search/Ae%20Dil%20Hai%20Mushkil%20Arijit%20Singh,https://music.youtube.com/search?q=Ae%20Dil%20Hai%20Mushkil%20Arijit%20Singh
song_0117,Dil Diyan Gallan,Atif Aslam,bollywood,hindi,romantic,55,0.7618,0.5229,0.7633,109.61,https://images.unsplash.com/photo-1514533450685-4493e01d1fdc?w=300&q=80,https://open.spotify.com/search/Dil%20Diyan%20Gallan%20Atif%20Aslam,https://music.youtube.com/search?q=Dil%20Diyan%20Gallan%20Atif%20Aslam
song_0118,Tera Fitoor,Arijit Singh,bollywood,hindi,romantic,78,0.5853,0.8228,0.5463,101.44,https://images.unsplash.com/photo-1514533450685-4493e01d1fdc?w=300&q=80,https://open.spotify.com/search/Tera%20Fitoor%20Arijit%20Singh,https://music.youtube.com/search?q=Tera%20Fitoor%20Arijit%20Singh
song_0119,Hawayein,Arijit Singh,bollywood,hindi,chill,49,0.5065,0.4973,0.3644,91.4,https://images.unsplash.com/photo-1514533450685-4493e01d1fdc?w=300&q=80,https://open.spotify.com/search/Hawayein%20Arijit%20Singh,https://music.youtube.com/search?q=Hawayein%20Arijit%20Singh
song_0120,Phir Le Aya Dil,Arijit Singh,bollywood,hindi,romantic,93,0.47,0.7007,0.3909,102.28,https://images.unsplash.com/photo-1514533450685-4493e01d1fdc?w=300&q=80,https://open.spotify.com/search/Phir%20Le%20Aya%20Dil%20Arijit%20Singh,https://music.youtube.com/search?q=Phir%20Le%20Aya%20Dil%20Arijit%20Singh
song_0121,Kabira,Arijit Singh,bollywood,hindi,romantic,42,0.5906,0.7103,0.3862,94.61,https://images.unsplash.com/photo-1514533450685-4493e01d1fdc?w=300&q=80,https://open.spotify.com/search/Kabira%20Arijit%20Singh,https://music.youtube.com/search?q=Kabira%20Arijit%20Singh
song_0122,Iktara,Amit Trivedi,indie,hindi,romantic,47,0.4308,0.5203,0.2885,84.44,https://images.unsplash.com/photo-1465847899084-d164df4dedc6?w=300&q=80,https://open.spotify.com/search/Iktara%20Amit%20Trivedi,https://music.youtube.com/search?q=Iktara%20Amit%20Trivedi
song_0123,Bulleya,Papon,bollywood,hindi,chill,81,0.5859,0.5443,0.4821,110.17,https://images.unsplash.com/photo-1514533450685-4493e01d1fdc?w=300&q=80,https://open.spotify.com/search/Bulleya%20Papon,https://music.youtube.com/search?q=Bulleya%20Papon
song_0124,Dilbaro,Harshdeep Kaur,bollywood,hindi,happy,92,0.4342,0.7578,0.614,89.09,https://images.unsplash.com/photo-1514533450685-4493e01d1fdc?w=300&q=80,https://open.spotify.com/search/Dilbaro%20Harshdeep%20Kaur,https://music.youtube.com/search?q=Dilbaro%20Harshdeep%20Kaur
song_0125,Gerua,Arijit Singh,bollywood,hindi,chill,84,0.7515,0.492,0.4384,125.31,https://images.unsplash.com/photo-1514533450685-4493e01d1fdc?w=300&q=80,https://open.spotify.com/search/Gerua%20Arijit%20Singh,https://music.youtube.com/search?q=Gerua%20Arijit%20Singh
song_0126,Teri Mitti,B Praak,bollywood,hindi,chill,77,0.4864,0.5454,0.4852,109.23,https://images.unsplash.com/photo-1514533450685-4493e01d1fdc?w=300&q=80,https://open.spotify.com/search/Teri%20Mitti%20B%20Praak,https://music.youtube.com/search?q=Teri%20Mitti%20B%20Praak
song_0127,Baarish,Atif Aslam,bollywood,hindi,happy,55,0.5528,0.6365,0.6737,86.83,https://images.unsplash.com/photo-1514533450685-4493e01d1fdc?w=300&q=80,https://open.spotify.com/search/Baarish%20Atif%20Aslam,https://music.youtube.com/search?q=Baarish%20Atif%20Aslam
song_0128,Pehla Nasha,Udit Narayan,bollywood,hindi,romantic,46,0.6768,0.7923,0.5558,111.61,https://images.unsplash.com/photo-1514533450685-4493e01d1fdc?w=300&q=80,https://open.spotify.com/search/Pehla%20Nasha%20Udit%20Narayan,https://music.youtube.com/search?q=Pehla%20Nasha%20Udit%20Narayan
song_0129,Lal Ishq,Arijit Singh,bollywood,hindi,romantic,62,0.5811,0.6617,0.4212,98.46,https://images.unsplash.com/photo-1514533450685-4493e01d1fdc?w=300&q=80,https://open.spotify.com/search/Lal%20Ishq%20Arijit%20Singh,https://music.youtube.com/search?q=Lal%20Ishq%20Arijit%20Singh
song_0130,Jag Soona Soona Lage,Udit Narayan,bollywood,hindi,romantic,47,0.4272,0.5859,0.4057,101.37,https://images.unsplash.com/photo-1514533450685-4493e01d1fdc?w=300&q=80,https://open.spotify.com/search/Jag%20Soona%20Soona%20Lage%20Udit%20Narayan,https://music.youtube.com/search?q=Jag%20Soona%20Soona%20Lage%20Udit%20Narayan
song_0131,Moh Moh Ke Dhaage,Papon,bollywood,hindi,happy,69,0.7406,0.6837,0.6396,124.46,https://images.unsplash.com/photo-1514533450685-4493e01d1fdc?w=300&q=80,https://open.spotify.com/search/Moh%20Moh%20Ke%20Dhaage%20Papon,https://music.youtube.com/search?q=Moh%20Moh%20Ke%20Dhaage%20Papon
song_0132,DNA,BTS,k-pop,korean,happy,65,0.5713,0.7634,0.6434,137.27,https://images.unsplash.com/photo-1615886753866-979d8f2d9b90?w=300&q=80,https://open.spotify.com/search/DNA%20BTS,https://music.youtube.com/search?q=DNA%20BTS
song_0133,Boy With Luv,BTS,k-pop,korean,romantic,74,0.5859,0.6722,0.5315,132.3,https://images.unsplash.com/photo-1615886753866-979d8f2d9b90?w=300&q=80,https://open.spotify.com/search/Boy%20With%20Luv%20BTS,https://music.youtube.com/search?q=Boy%20With%20Luv%20BTS
song_0134,Black Swan,BTS,k-pop,korean,happy,46,0.6682,0.9251,0.6529,111.86,https://images.unsplash.com/photo-1615886753866-979d8f2d9b90?w=300&q=80,https://open.spotify.com/search/Black%20Swan%20BTS,https://music.youtube.com/search?q=Black%20Swan%20BTS
song_0135,Spring Day,BTS,k-pop,korean,romantic,57,0.595,0.6585,0.4303,109.33,https://images.unsplash.com/photo-1615886753866-979d8f2d9b90?w=300&q=80,https://open.spotify.com/search/Spring%20Day%20BTS,https://music.youtube.com/search?q=Spring%20Day%20BTS
song_0136,IDOL,BTS,k-pop,korean,romantic,64,0.6024,0.8928,0.3901,126.23,https://images.unsplash.com/photo-1615886753866-979d8f2d9b90?w=300&q=80,https://open.spotify.com/search/IDOL%20BTS,https://music.youtube.com/search?q=IDOL%20BTS
song_0137,How You Like That,BLACKPINK,k-pop,korean,romantic,91,0.8937,0.6103,0.5489,148.47,https://images.unsplash.com/photo-1615886753866-979d8f2d9b90?w=300&q=80,https://open.spotify.com/search/How%20You%20Like%20That%20BLACKPINK,https://music.youtube.com/search?q=How%20You%20Like%20That%20BLACKPINK
song_0138,Kill This Love,BLACKPINK,k-pop,korean,romantic,95,0.8341,0.6628,0.4354,133.43,https://images.unsplash.com/photo-1615886753866-979d8f2d9b90?w=300&q=80,https://open.spotify.com/search/Kill%20This%20Love%20BLACKPINK,https://music.youtube.com/search?q=Kill%20This%20Love%20BLACKPINK
song_0139,Lovesick Girls,BLACKPINK,k-pop,korean,romantic,51,0.7404,0.7758,0.49,138.47,https://images.unsplash.com/photo-1615886753866-979d8f2d9b90?w=300&q=80,https://open.spotify.com/search/Lovesick%20Girls%20BLACKPINK,https://music.youtube.com/search?q=Lovesick%20Girls%20BLACKPINK
song_0140,Pink Venom,BLACKPINK,k-pop,korean,happy,46,0.6565,0.7232,0.6038,112.12,https://images.unsplash.com/photo-1615886753866-979d8f2d9b90?w=300&q=80,https://open.spotify.com/search/Pink%20Venom%20BLACKPINK,https://music.youtube.com/search?q=Pink%20Venom%20BLACKPINK
song_0141,Shut Down,BLACKPINK,k-pop,korean,happy,68,0.7598,0.6739,0.6406,107.72,https://images.unsplash.com/photo-1615886753866-979d8f2d9b90?w=300&q=80,https://open.spotify.com/search/Shut%20Down%20BLACKPINK,https://music.youtube.com/search?q=Shut%20Down%20BLACKPINK
song_0142,Peek-A-Boo,Red Velvet,k-pop,korean,romantic,43,0.7317,0.5887,0.5183,106.72,https://images.unsplash.com/photo-1615886753866-979d8f2d9b90?w=300&q=80,https://open.spotify.com/search/Peek-A-Boo%20Red%20Velvet,https://music.youtube.com/search?q=Peek-A-Boo%20Red%20Velvet
song_0143,Power,EXO,k-pop,korean,party,80,0.8964,0.686,0.7549,112.73,https://images.unsplash.com/photo-1615886753866-979d8f2d9b90?w=300&q=80,https://open.spotify.com/search/Power%20EXO,https://music.youtube.com/search?q=Power%20EXO
song_0144,Growl,EXO,k-pop,korean,romantic,60,0.8137,0.7844,0.5858,120.59,https://images.unsplash.com/photo-1615886753866-979d8f2d9b90?w=300&q=80,https://open.spotify.com/search/Growl%20EXO,https://music.youtube.com/search?q=Growl%20EXO
song_0145,Likey,TWICE,k-pop,korean,party,83,0.8746,0.869,0.8325,106.21,https://images.unsplash.com/photo-1615886753866-979d8f2d9b90?w=300&q=80,https://open.spotify.com/search/Likey%20TWICE,https://music.youtube.com/search?q=Likey%20TWICE
song_0146,Fancy,TWICE,k-pop,korean,romantic,74,0.8778,0.6352,0.3832,137.06,https://images.unsplash.com/photo-1615886753866-979d8f2d9b90?w=300&q=80,https://open.spotify.com/search/Fancy%20TWICE,https://music.youtube.com/search?q=Fancy%20TWICE
song_0147,Feel Special,TWICE,k-pop,korean,happy,49,0.8431,0.6203,0.7476,110.08,https://images.unsplash.com/photo-1615886753866-979d8f2d9b90?w=300&q=80,https://open.spotify.com/search/Feel%20Special%20TWICE,https://music.youtube.com/search?q=Feel%20Special%20TWICE
song_0148,Cheer Up,TWICE,k-pop,korean,happy,61,0.5991,0.8632,0.6826,126.15,https://images.unsplash.com/photo-1615886753866-979d8f2d9b90?w=300&q=80,https://open.spotify.com/search/Cheer%20Up%20TWICE,https://music.youtube.com/search?q=Cheer%20Up%20TWICE
song_0149,Yes or Yes,TWICE,k-pop,korean,party,62,0.8558,0.7113,0.7583,121.96,https://images.unsplash.com/photo-1615886753866-979d8f2d9b90?w=300&q=80,https://open.spotify.com/search/Yes%20or%20Yes%20TWICE,https://music.youtube.com/search?q=Yes%20or%20Yes%20TWICE
song_0150,Despacito,Luis Fonsi,latin,spanish,happy,53,0.7666,0.6485,0.6738,128.14,https://images.unsplash.com/photo-1510915361894-db8b60106cb1?w=300&q=80,https://open.spotify.com/search/Despacito%20Luis%20Fonsi,https://music.youtube.com/search?q=Despacito%20Luis%20Fonsi
song_0151,Bailando,Enrique Iglesias,latin,spanish,romantic,77,0.9238,0.6782,0.5718,148.32,https://images.unsplash.com/photo-1510915361894-db8b60106cb1?w=300&q=80,https://open.spotify.com/search/Bailando%20Enrique%20Iglesias,https://music.youtube.com/search?q=Bailando%20Enrique%20Iglesias
song_0152,Mi Gente,J Balvin,latin,spanish,happy,48,0.6421,0.8783,0.6139,119.75,https://images.unsplash.com/photo-1510915361894-db8b60106cb1?w=300&q=80,https://open.spotify.com/search/Mi%20Gente%20J%20Balvin,https://music.youtube.com/search?q=Mi%20Gente%20J%20Balvin
song_0153,Con Calma,Daddy Yankee,latin,spanish,romantic,87,0.8858,0.7632,0.5667,147.69,https://images.unsplash.com/photo-1510915361894-db8b60106cb1?w=300&q=80,https://open.spotify.com/search/Con%20Calma%20Daddy%20Yankee,https://music.youtube.com/search?q=Con%20Calma%20Daddy%20Yankee
song_0154,Taki Taki,DJ Snake,latin,spanish,romantic,42,0.6546,0.6522,0.4242,140.2,https://images.unsplash.com/photo-1510915361894-db8b60106cb1?w=300&q=80,https://open.spotify.com/search/Taki%20Taki%20DJ%20Snake,https://music.youtube.com/search?q=Taki%20Taki%20DJ%20Snake
song_0155,MIA,Bad Bunny,latin,spanish,party,89,0.8052,0.8145,0.7384,120.1,https://images.unsplash.com/photo-1510915361894-db8b60106cb1?w=300&q=80,https://open.spotify.com/search/MIA%20Bad%20Bunny,https://music.youtube.com/search?q=MIA%20Bad%20Bunny
song_0156,Mayores,Becky G,latin,spanish,romantic,87,0.6398,0.8447,0.3637,122.86,https://images.unsplash.com/photo-1510915361894-db8b60106cb1?w=300&q=80,https://open.spotify.com/search/Mayores%20Becky%20G,https://music.youtube.com/search?q=Mayores%20Becky%20G
song_0157,Boom,Daddy Yankee,latin,spanish,happy,78,0.654,0.6225,0.6611,139.0,https://images.unsplash.com/photo-1510915361894-db8b60106cb1?w=300&q=80,https://open.spotify.com/search/Boom%20Daddy%20Yankee,https://music.youtube.com/search?q=Boom%20Daddy%20Yankee
song_0158,X,J Balvin,latin,spanish,romantic,50,0.8498,0.7354,0.4259,120.28,https://images.unsplash.com/photo-1510915361894-db8b60106cb1?w=300&q=80,https://open.spotify.com/search/X%20J%20Balvin,https://music.youtube.com/search?q=X%20J%20Balvin
song_0159,Loca,Shakira,latin,spanish,romantic,96,0.927,0.75,0.5004,126.1,https://images.unsplash.com/photo-1510915361894-db8b60106cb1?w=300&q=80,https://open.spotify.com/search/Loca%20Shakira,https://music.youtube.com/search?q=Loca%20Shakira
song_0160,Hips Don't Lie,Shakira,latin,spanish,romantic,41,0.6552,0.751,0.5529,133.57,https://images.unsplash.com/photo-1510915361894-db8b60106cb1?w=300&q=80,https://open.spotify.com/search/Hips%20Don%27t%20Lie%20Shakira,https://music.youtube.com/search?q=Hips%20Don%27t%20Lie%20Shakira
song_0161,Waka Waka,Shakira,pop,spanish,happy,95,0.784,0.8556,0.6326,129.83,https://images.unsplash.com/photo-1493225457124-a3eb161ffa5f?w=300&q=80,https://open.spotify.com/search/Waka%20Waka%20Shakira,https://music.youtube.com/search?q=Waka%20Waka%20Shakira
song_0162,La Tortura,Shakira,latin,spanish,romantic,65,0.8546,0.5949,0.5881,133.34,https://images.unsplash.com/photo-1510915361894-db8b60106cb1?w=300&q=80,https://open.spotify.com/search/La%20Tortura%20Shakira,https://music.youtube.com/search?q=La%20Tortura%20Shakira
song_0163,Photograph,Nickelback,rock,english,happy,46,0.6351,0.9564,0.6128,132.54,https://images.unsplash.com/photo-1498038432885-c6f3f1b912ee?w=300&q=80,https://open.spotify.com/search/Photograph%20Nickelback,https://music.youtube.com/search?q=Photograph%20Nickelback
song_0164,How You Remind Me,Nickelback,rock,english,romantic,92,0.7245,0.922,0.2123,156.04,https://images.unsplash.com/photo-1498038432885-c6f3f1b912ee?w=300&q=80,https://open.spotify.com/search/How%20You%20Remind%20Me%20Nickelback,https://music.youtube.com/search?q=How%20You%20Remind%20Me%20Nickelback
song_0165,Rockstar,Nickelback,rock,english,romantic,60,0.5568,0.8329,0.3495,112.74,https://images.unsplash.com/photo-1498038432885-c6f3f1b912ee?w=300&q=80,https://open.spotify.com/search/Rockstar%20Nickelback,https://music.youtube.com/search?q=Rockstar%20Nickelback
song_0166,Far Away,Nickelback,rock,english,romantic,72,0.659,0.6217,0.3167,129.91,https://images.unsplash.com/photo-1498038432885-c6f3f1b912ee?w=300&q=80,https://open.spotify.com/search/Far%20Away%20Nickelback,https://music.youtube.com/search?q=Far%20Away%20Nickelback
song_0167,Iris,Goo Goo Dolls,rock,english,romantic,67,0.7011,0.7447,0.3235,146.88,https://images.unsplash.com/photo-1498038432885-c6f3f1b912ee?w=300&q=80,https://open.spotify.com/search/Iris%20Goo%20Goo%20Dolls,https://music.youtube.com/search?q=Iris%20Goo%20Goo%20Dolls
song_0168,Black Hole Sun,Soundgarden,rock,english,romantic,69,0.4509,0.7829,0.2204,118.82,https://images.unsplash.com/photo-1498038432885-c6f3f1b912ee?w=300&q=80,https://open.spotify.com/search/Black%20Hole%20Sun%20Soundgarden,https://music.youtube.com/search?q=Black%20Hole%20Sun%20Soundgarden
song_0169,Jeremy,Pearl Jam,rock,english,romantic,77,0.5208,0.9493,0.3312,139.03,https://images.unsplash.com/photo-1498038432885-c6f3f1b912ee?w=300&q=80,https://open.spotify.com/search/Jeremy%20Pearl%20Jam,https://music.youtube.com/search?q=Jeremy%20Pearl%20Jam
song_0170,Even Flow,Pearl Jam,rock,english,romantic,48,0.3747,0.8589,0.239,158.05,https://images.unsplash.com/photo-1498038432885-c6f3f1b912ee?w=300&q=80,https://open.spotify.com/search/Even%20Flow%20Pearl%20Jam,https://music.youtube.com/search?q=Even%20Flow%20Pearl%20Jam
song_0171,Yellow,Coldplay,alternative,english,chill,75,0.5193,0.5007,0.6984,115.11,https://images.unsplash.com/photo-1471478331149-c72f17e33c73?w=300&q=80,https://open.spotify.com/search/Yellow%20Coldplay,https://music.youtube.com/search?q=Yellow%20Coldplay
song_0172,The Scientist,Coldplay,alternative,english,romantic,52,0.3941,0.74,0.305,134.9,https://images.unsplash.com/photo-1471478331149-c72f17e33c73?w=300&q=80,https://open.spotify.com/search/The%20Scientist%20Coldplay,https://music.youtube.com/search?q=The%20Scientist%20Coldplay
song_0173,Clocks,Coldplay,alternative,english,chill,43,0.4386,0.4832,0.436,118.24,https://images.unsplash.com/photo-1471478331149-c72f17e33c73?w=300&q=80,https://open.spotify.com/search/Clocks%20Coldplay,https://music.youtube.com/search?q=Clocks%20Coldplay
song_0174,Fix You,Coldplay,alternative,english,romantic,64,0.6492,0.6332,0.4622,112.04,https://images.unsplash.com/photo-1471478331149-c72f17e33c73?w=300&q=80,https://open.spotify.com/search/Fix%20You%20Coldplay,https://music.youtube.com/search?q=Fix%20You%20Coldplay
song_0175,Speed of Sound,Coldplay,alternative,alternative,romantic,96,0.5715,0.5259,0.291,133.09,https://images.unsplash.com/photo-1471478331149-c72f17e33c73?w=300&q=80,https://open.spotify.com/search/Speed%20of%20Sound%20Coldplay,https://music.youtube.com/search?q=Speed%20of%20Sound%20Coldplay
song_0176,Viva la Vida,Coldplay,alternative,english,romantic,41,0.5044,0.5675,0.522,110.44,https://images.unsplash.com/photo-1471478331149-c72f17e33c73?w=300&q=80,https://open.spotify.com/search/Viva%20la%20Vida%20Coldplay,https://music.youtube.com/search?q=Viva%20la%20Vida%20Coldplay
song_0177,A Sky Full of Stars,Coldplay,alternative,english,romantic,53,0.4262,0.7278,0.5295,91.35,https://images.unsplash.com/photo-1471478331149-c72f17e33c73?w=300&q=80,https://open.spotify.com/search/A%20Sky%20Full%20of%20Stars%20Coldplay,https://music.youtube.com/search?q=A%20Sky%20Full%20of%20Stars%20Coldplay
song_0178,Adventure of a Lifetime,Coldplay,alternative,english,romantic,87,0.4532,0.7119,0.2099,95.21,https://images.unsplash.com/photo-1471478331149-c72f17e33c73?w=300&q=80,https://open.spotify.com/search/Adventure%20of%20a%20Lifetime%20Coldplay,https://music.youtube.com/search?q=Adventure%20of%20a%20Lifetime%20Coldplay
song_0179,My Universe,Coldplay,pop,english,romantic,54,0.5343,0.755,0.4691,99.97,https://images.unsplash.com/photo-1493225457124-a3eb161ffa5f?w=300&q=80,https://open.spotify.com/search/My%20Universe%20Coldplay,https://music.youtube.com/search?q=My%20Universe%20Coldplay
song_0180,higher power,Coldplay,pop,english,party,80,0.73,0.8281,0.7651,114.86,https://images.unsplash.com/photo-1493225457124-a3eb161ffa5f?w=300&q=80,https://open.spotify.com/search/higher%20power%20Coldplay,https://music.youtube.com/search?q=higher%20power%20Coldplay
